"player_id","sc_id","player_name","team_abbrev","jersey","pos1","pos2","avg","age","games","P1_SC","P1_TOG","P1_P85","P2_SC","P2_TOG","P2_P85","injury","P_AVG"
294472,1,"Rory Atkins","ADE","21","MID",,75.5,25,"97",95,85,95,85,79,91,,93
293193,2,"Luke Brown","ADE","16","DEF",,68,27,"150",40,75,45,56,79,60,,52.5
1004995,3,"Jordon Butts","ADE","41","DEF",,0,20,"",55,80,58,,,,,58
993796,4,"Ben Crocker","ADE","20","FWD",,35,22,"26",59,75,67,56,82,58,,62.5
294307,5,"Brad Crouch","ADE","2","MID",,98.36,25,"83",99,70,120,94,79,101,,110.5
297401,6,"Matt Crouch","ADE","5","MID",,103.68,24,"109",85,64,113,88,80,94,,103.5
298417,7,"Ben Davis","ADE","40","FWD",,22,22,"1",55,79,59,43,81,45,,52
1000932,8,"Tom Doedee","ADE","39","DEF",,56,22,"21",,,,,,,"Knee: 1-2 weeks (2020-03-10)",
999331,9,"Darcy Fogarty","ADE","32","FWD",,65.25,20,"14",,,,61,80,65,,65
991773,10,"Billy Frampton","ADE","22","FWD",,43.5,23,"3",54,77,60,,,,,60
998106,11,"Jordan Gallucci","ADE","7","FWD",,49.7,21,"27",,,,,,,,
250417,12,"Bryce Gibbs","ADE","6","MID",,69.08,30,"265",66,74,76,87,81,91,,83.5
1018075,13,"Lachlan Gollant","ADE","44","DEF","MID",0,18,"",,,,,,,,
1008159,14,"William Hamill","ADE","17","DEF",,0,19,"",,,,,,,,
290228,15,"Kyle Hartigan","ADE","15","DEF",,44.05,28,"101",,,,,,,,
1005199,16,"Elliott Himmelberg","ADE","34","FWD",,56.86,21,"8",33,76,37,,,,,37
1006203,17,"Chayce Jones","ADE","1","FWD",,50,19,"8",74,69,91,34,79,37,,64
993946,18,"Ben Keays","ADE","28","FWD",,70,22,"30",44,45,83,,,,,83
297473,19,"Jake Kelly","ADE","8","DEF",,74.82,24,"75",62,77,68,90,96,80,,74
295103,20,"Riley Knight","ADE","3","FWD",,63.4,24,"54",,,,,,,"Achilles: 3-4 weeks (2020-03-10)",
293222,21,"Rory Laird","ADE","29","DEF",,96.82,26,"143",49,41,102,132,87,129,,115.5
270938,22,"Tom Lynch","ADE","27","FWD",,84.69,29,"139",59,78,64,64,82,66,,65
250362,23,"David Mackay","ADE","14","DEF","MID",66.5,31,"220",56,76,63,,,,,63
298470,24,"Shane McAdam","ADE","23","FWD",,0,24,"",23,67,29,,,,,29
1009201,25,"Fischer Mcasey","ADE","35","DEF",,0,18,"",,,,47,87,46,,46
1008185,26,"Ned McHenry","ADE","25","MID",,0,19,"",37,42,75,,,,,75
997206,27,"Andrew McPherson","ADE","36","DEF",,0,20,"0",,,,,,,,
990882,28,"Wayne Milera","ADE","30","DEF","MID",74.12,22,"60",103,73,120,57,84,58,,89
1000998,29,"Lachlan Murphy","ADE","4","FWD",,54.48,21,"32",31,74,36,26,73,30,,33
297523,30,"Reilly O'Brien","ADE","43","RUC",,95.28,24,"20",95,69,117,60,87,59,,88
1011254,31,"Ronin O'Connor","ADE","37","MID",,0,18,"",,,,,,,,
1000908,32,"Myles Poholke","ADE","10","FWD",,51,21,"11",63,73,73,,,,,73
1008543,33,"Harry Schoenberg","ADE","26","MID",,0,18,"",,,,,,,,
294733,34,"Paul Seedsman","ADE","11","MID",,72.31,27,"101",,,,88,78,96,,96
1006136,35,"Lachlan Sholl","ADE","38","DEF",,0,19,"",,,,,,,,
270963,36,"Rory Sloane","ADE","9","MID",,103,29,"199",49,35,119,83,78,90,,104.5
291748,37,"Brodie Smith","ADE","33","DEF",,88.64,27,"167",,,,121,78,132,,132
997230,38,"Tyson Stengle","ADE","18","FWD",,62,21,"4",61,75,69,55,79,59,,64
1008752,39,"Kieran Strachan","ADE","45","RUC","FWD",0,24,"",,,,,,,,
280934,40,"Daniel Talia","ADE","12","DEF",,69.55,28,"186",80,86,79,90,86,89,,84
280506,41,"Taylor Walker","ADE","13","FWD",,67.32,29,"189",,,,51,86,50,,50
295964,42,"Patrick Wilson","ADE","31","MID",,50,25,"2",59,64,78,,,,,78
1011981,43,"Joshua Worrell","ADE","24","DEF","FWD",0,18,"",,,,,,,,
294168,44,"Marcus Adams","BRL","24","DEF",,58.25,26,"35",15,39,33,35,77,39,,36
298437,45,"Callum Ah Chee","BRL","4","MID",,82,22,"45",42,84,42,39,77,43,,42.5
998268,46,"Jacob Allison","BRL","19","MID",,46.5,21,"10",,,,,,,,
996059,47,"Harris Andrews","BRL","31","DEF",,82.74,23,"95",98,98,85,82,93,75,,80
1005053,48,"Noah Answerth","BRL","43","DEF",,62,20,"17",,,,18,65,24,,24
1002312,49,"Zac Bailey","BRL","33","DEF","MID",48.46,20,"25",78,86,77,74,65,97,,87
1002351,50,"Connor Ballenden","BRL","38","FWD",,0,20,"0",18,52,29,,,,,29
998133,51,"Jarrod Berry","BRL","7","MID",,84.94,21,"55",58,36,137,119,71,142,,139.5
1006100,52,"Thomas Berry","BRL","13","FWD",,0,19,"",,,,,,,,
240302,53,"Grant Birchall","BRL","14","DEF",,77,31,"247",46,67,58,67,64,89,,73.5
990609,54,"Charlie Cameron","BRL","23","FWD",,79.77,25,"106",25,86,25,150,83,154,,89.5
280918,55,"Allen Christensen","BRL","3","FWD",,67.73,28,"130",,,,,,,,
1006059,56,"Keidean Coleman","BRL","18","MID","FWD",0,19,"",,,,,,,,
994047,57,"Cedric Cox","BRL","20","FWD",,44,22,"13",,,,,,,,
290326,58,"Matt Eagles","BRL",,"DEF",,0,,,,,,,,,,
293479,59,"Cameron Ellis-Yolmen","BRL","28","MID",,93.4,26,"39",40,78,44,,,,,44
1013532,60,"Thomas Fullarton","BRL","47","FWD",,0,20,"",,,,,,,,
296269,61,"Darcy Gardiner","BRL","27","DEF",,66.91,24,"104",47,83,48,60,85,60,,54
1004863,62,"Mitchell Hinge","BRL","22","MID",,64.5,21,"2",,,,,,,,
993953,63,"Eric Hipwood","BRL","30","FWD",,54.14,22,"73",72,79,77,30,83,31,,54
1006150,64,"Tom Joyce","BRL","32","FWD","MID",0,19,"",,,,,,,,
291548,65,"Ryan Lester","BRL","35","DEF",,60.78,27,"126",,,,,,,,
998105,66,"Corey Lyons","BRL","39","MID",,0,21,"0",,,,,,,,
293716,67,"Jarryd Lyons","BRL","17","MID",,98.59,27,"114",62,79,67,77,71,92,,79.5
1013978,68,"James Madden","BRL","42","DEF","FWD",0,20,"",,,,,,,,
280763,69,"Stefan Martin","BRL","12","RUC",,92.27,33,"180",138,88,133,65,74,75,,104
993828,70,"Rhys Mathieson","BRL","36","FWD","MID",59.89,22,"46",,,,,,,,
293581,71,"Lincoln McCarthy","BRL","11","FWD",,65.82,26,"50",31,81,33,52,85,52,,42.5
1000978,72,"Hugh McCluggage","BRL","6","MID",,94.05,21,"61",127,83,130,117,74,134,,132
1006085,73,"Connor McFadyen","BRL","26","FWD",,0,19,"",3,21,12,,,,,12
1005521,74,"Oscar McInerney","BRL","46","RUC","FWD",67.84,25,"35",33,45,62,52,74,60,,61
297504,75,"Daniel McStay","BRL","25","FWD",,56.18,24,"101",65,78,71,66,84,67,,69
293535,76,"Lachie Neale","BRL","9","MID",,121.27,26,"156",168,89,160,118,79,127,,143.5
1002347,77,"Jack Payne","BRL","40","DEF",,0,20,"0",,,,,,,,
1009386,78,"Jaxon Prior","BRL","45","DEF",,0,18,"",,,,,,,,
1002235,79,"Cameron Rayner","BRL","16","FWD",,46.36,20,"44",60,88,58,61,67,77,,67.5
271072,80,"Daniel Rich","BRL","10","DEF",,96.82,29,"205",91,79,98,46,69,57,,77.5
1009385,81,"Deven Robertson","BRL","2","MID",,0,18,"",,,,62,63,84,,84
290311,82,"Mitch Robinson","BRL","5","MID",,94.41,30,"190",51,73,59,70,75,79,,69
993836,83,"Sam Skinner","BRL","21","FWD",,0,22,"1",,,,,,,,
992752,84,"Archie Smith","BRL","44","RUC",,55,24,"11",,,,,,,,
1009242,85,"Brock Smith","BRL","1","DEF",,0,18,"",,,,,,,,
1006033,86,"Ely Smith","BRL","8","FWD","MID",0,19,"",18,33,46,,,,,46
1002401,87,"Brandon Starcevich","BRL","37","DEF","MID",34,20,"5",40,45,76,61,75,69,,72.5
998128,88,"Alex Witherden","BRL","29","DEF",,72.33,21,"51",49,57,73,62,70,75,,74
1002244,89,"Toby Wooller","BRL","34","FWD","MID",0,20,"0",,,,,,,,
261224,90,"Dayne Zorko","BRL","15","MID",,106.64,30,"166",109,74,125,134,77,148,,136.5
240060,91,"Eddie Betts","CAR","19","FWD",,62.14,33,"316",,,,60,87,59,,59
281124,92,"Levi Casboult","CAR","41","DEF","FWD",74.3,29,"124",54,84,55,78,87,76,,65.5
1008154,93,"Matthew Cottrell","CAR","46","DEF",,0,19,"",,,,,,,,
990704,94,"Patrick Cripps","CAR","9","MID",,117.1,24,"101",,,,94,79,101,,101
993795,95,"David Cuningham","CAR","28","FWD",,66.44,22,"25",55,74,63,,,,,63
996731,96,"Charlie Curnow","CAR","30","FWD",,68.55,22,"58",,,,,,,"Knee: Indefinite (2020-03-10)",
270146,97,"Ed Curnow","CAR","35","MID",,90.82,30,"165",98,79,105,98,75,111,,108
1004912,98,"Tom De Koning","CAR","12","RUC",,0,20,"2",38,51,63,42,35,102,,82.5
295518,99,"Sam Docherty","CAR","15","DEF",,0,26,"92",69,80,73,105,81,110,,91.5
1002256,100,"Paddy Dow","CAR","2","FWD","MID",54.42,20,"39",58,74,67,58,80,62,,64.5
999827,101,"Zac Fisher","CAR","25","FWD","MID",65.57,21,"55",90,80,96,72,83,74,,85
296200,102,"Michael Gibbons","CAR","40","FWD",,59.24,24,"21",57,80,61,84,74,96,,78.5
298316,103,"Hugh Goddard","CAR","45","DEF",,26.5,23,"12",,,,,,,,
1002938,104,"Josh Honey","CAR","36","MID","FWD",0,18,"",,,,,,,,
281078,105,"Liam Jones","CAR","14","DEF",,66.08,28,"125",83,89,79,99,100,84,,81.5
1009241,106,"Brodie Kemp","CAR","17","MID",,0,18,"",,,,,,,"Knee: Indefinite (2020-03-10)",
1001398,107,"Matthew Kennedy","CAR","7","FWD",,57,22,"41",75,77,83,,,,,83
261299,108,"Matthew Kreuzer","CAR","8","RUC",,97.4,30,"188",51,43,101,69,81,72,,86.5
296439,109,"Darcy Lang","CAR","16","FWD",,45,24,"63",48,80,51,,,,,51
998226,110,"Harrison Macreadie","CAR","26","DEF",,14,21,"9",,,,,,,,
298302,111,"Caleb Marchbank","CAR","22","DEF",,64.08,23,"48",,,,15,54,24,"Knee: Test (2020-03-10)",24
296190,112,"Jack Martin","CAR","21","FWD","MID",77.5,24,"97",75,45,142,78,68,98,,120
297255,113,"Mitch McGovern","CAR","11","FWD",,48.5,25,"64",,,,14,56,21,,21
1000953,114,"Harry McKay","CAR","10","FWD",,61.65,22,"35",,,,,,,"Groin: 2-3 weeks (2020-03-10)",
250105,115,"Marc Murphy","CAR","3","MID",,90.68,32,"268",,,,54,60,76,,76
297907,116,"Nic Newman","CAR","24","DEF",,96.65,26,"51",60,87,59,76,85,76,,67.5
1002259,117,"Lochie O'Brien","CAR","4","MID",,44.82,20,"35",,,,,,,,
1011924,118,"Finbar O'Dwyer","CAR","38","FWD",,0,19,"",,,,,,,,
1013973,119,"Matthew Owies","CAR","44","FWD",,0,22,"",,,,,,,,
994539,120,"Sam Petrevski-Seton","CAR","5","DEF","MID",81.64,21,"64",,,,,,,"Quad: Test (2020-03-10)",
1011861,121,"Fraser Phillips","CAR","39","FWD",,0,18,"",,,,,,,,
1011929,122,"Sam Philp","CAR","34","MID",,0,18,"",7,26,23,,,,,23
298290,123,"Marc Pittonet","CAR","27","RUC",,72.5,23,"7",45,40,96,,,,,96
294624,124,"Lachie Plowman","CAR","20","DEF",,72.33,25,"94",,,,65,82,67,"Ankle: Test (2020-03-10)",67
998100,125,"Cameron Polson","CAR","29","FWD",,28.33,21,"16",51,82,53,5,17,25,,39
1002942,126,"Sam Ramsay","CAR","33","MID",,0,18,"",,,,,,,,
998215,127,"Will Setterfield","CAR","43","MID",,60.72,21,"20",50,83,51,65,84,66,,58.5
1011949,128,"Ben Silvagni","CAR","37","DEF",,0,19,"",,,,,,,,
1001028,129,"Jack Silvagni","CAR","1","FWD",,59.88,22,"60",30,84,30,67,81,70,,50
230202,130,"Kade Simpson","CAR","6","DEF",,81.5,35,"325",85,66,109,65,85,65,,87
1008312,131,"Liam Stocker","CAR","13","DEF",,49.6,19,"5",,,,,,,,
1006094,132,"Sam Walsh","CAR","18","MID",,86.91,19,"22",100,82,104,109,85,109,,106.5
993832,133,"Jacob Weitering","CAR","23","DEF",,70.65,22,"76",90,91,84,44,97,39,,61.5
998167,134,"Tom Williamson","CAR","31","DEF",,38.5,21,"17",52,83,53,,,,,53
291776,135,"Taylor Adams","COL","13","MID",,96.7,26,"130",112,75,127,34,55,53,"Hip: TBC (2020-03-10)",90
1005013,136,"Flynn Appleby","COL","31","DEF",,21,20,"10",,,,,,,"Ankle: 1-2 weeks (2020-03-10)",
271001,137,"Dayne Beams","COL","11","MID",,81.33,29,"176",,,,,,,"Mental health: Indefinite (2020-03-10)",
1009186,138,"Trent Bianco","COL","34","DEF","MID",0,18,"",14,23,52,,,,,52
1008288,139,"Atu Bosenavulagi","COL","40","FWD",,0,19,"",3,62,4,,,,,4
293035,140,"Tim Broomhead","COL","29","FWD","MID",0,25,"36",,,,,,,"Leg: 2-4 weeks (2020-03-10)",
1002770,141,"Callum L. Brown","COL","17","FWD",,68.3,21,"33",72,71,86,61,83,62,,74
1008171,142,"Tyler Brown","COL","6","MID",,0,20,"0",65,73,76,35,39,76,,76
990291,143,"Darcy Cameron","COL","14","RUC","FWD",0,24,"1",127,75,144,,,,,144
998647,144,"Mason Cox","COL","46","FWD",,54.07,28,"58",63,73,73,42,86,42,,57.5
293871,145,"Jack Crisp","COL","25","DEF",,88.91,26,"132",118,63,159,114,87,111,,135
1005054,146,"Josh Daicos","COL","26","MID",,53,21,"17",84,71,101,83,81,87,,94
994185,147,"Jordan De Goey","COL","2","FWD",,87.25,23,"87",71,72,84,75,73,87,,85.5
293801,148,"Jamie Elliott","COL","5","FWD",,70.07,27,"103",59,79,63,93,74,107,,85
270861,149,"Levi Greenwood","COL","19","DEF",,65.44,30,"151",,,,,,,"Knee: 16-24 weeks (2020-03-10)",
293957,150,"Brodie Grundy","COL","4","RUC",,130,25,"130",,,,64,86,63,,63
291720,151,"Will Hoskin-Elliott","COL","32","FWD",,70.35,26,"117",45,77,50,35,77,39,,44.5
291313,152,"Jeremy Howe","COL","38","DEF",,79.53,29,"181",,,,134,91,125,,125
1013974,153,"Mark Keane","COL","47","DEF",,0,19,"",86,86,85,,,,,85
1008285,154,"Will Kelly","COL","27","FWD",,0,19,"",,,,,,,,
295444,155,"Tom Langdon","COL","8","DEF",,74.67,25,"89",,,,,,,"Knee: Indefinite (2020-03-10)",
1000960,156,"Max Lynch","COL","45","RUC",,0,21,"0",,,,,,,,
1010841,157,"Jack Madgen","COL","44","DEF",,54.25,26,"8",98,84,99,61,85,61,,80
992010,158,"Brayden Maynard","COL","37","DEF",,79.91,23,"95",105,85,105,58,72,68,,86.5
280416,159,"Chris Mayne","COL","16","MID",,74.89,31,"214",119,85,119,102,76,114,,116.5
291849,160,"Brody Mihocek","COL","41","FWD",,71.82,26,"38",60,82,62,48,88,46,,54
298288,161,"Darcy Moore","COL","30","DEF",,74.73,23,"69",,,,87,77,96,,96
1005107,162,"Nathan Murphy","COL","28","DEF",,0,20,"2",58,45,110,,,,,110
1000072,163,"John Noble","COL","9","DEF",,56.67,22,"3",79,81,83,73,86,72,,77.5
260257,164,"Scott Pendlebury","COL","10","MID",,104.32,31,"298",,,,45,36,106,,106
996487,165,"Tom Phillips","COL","21","MID",,82.95,23,"72",44,85,44,89,86,88,,66
1008089,166,"Isaac Quaynor","COL","3","DEF",,60.25,19,"4",,,,,,,,
1015793,167,"Jay Rantall","COL","35","MID",,0,18,"",34,24,120,,,,,120
240232,168,"Ben Reid","COL","20","FWD",,65,30,"148",24,35,58,,,,"Ankle: Test (2020-03-10)",58
280012,169,"Jordan Roughead","COL","23","DEF",,64.86,29,"159",80,92,74,95,95,85,,79.5
1009383,170,"Trey Ruscoe","COL","39","DEF","MID",0,18,"",,,,,,,,
295012,171,"Matthew Scharenberg","COL","12","DEF",,56,24,"38",,,,,,,,
280965,172,"Steele Sidebottom","COL","22","MID",,94.29,28,"231",,,,89,82,92,,92
1003029,173,"Brayden Sier","COL","36","MID",,49.67,22,"18",,,,,,,,
1002240,174,"Jaidyn Stephenson","COL","1","FWD",,80.33,20,"38",,,,35,75,40,,40
290289,175,"Josh Thomas","COL","24","FWD",,62.35,28,"87",58,68,72,45,45,85,,78.5
1013975,176,"Anton Tohill","COL","43","FWD",,0,20,"",,,,,,,,
291790,177,"Adam Treloar","COL","7","MID",,113.41,26,"161",114,71,136,,,,"Hamstring: 2-3 weeks (2020-03-10)",136
250290,178,"Travis Varcoe","COL","18","FWD",,58.81,31,"220",,,,,,,"Shoulder: 4-6 weeks (2020-03-10)",
1001448,179,"Rupert Wills","COL","33","MID",,69.14,26,"13",53,63,72,72,69,89,,80.5
993797,180,"Thomas Wilson","COL","48","FWD",,0,22,"",,,,,,,,
295599,181,"Patrick Ambrose","ESS","29","DEF",,50.68,28,"86",,,,,,,"Knee: 6-7 weeks (2020-03-10)",
1005721,182,"Josh Begley","ESS","16","FWD",,53.25,21,"16",,,,,,,,
261320,183,"Tom Bellchambers","ESS","2","RUC",,84.8,30,"128",,,,,,,"Knee: Test (2020-03-10)",
1011954,184,"Nick Bryan","ESS","24","RUC",,0,18,"",,,,,,,,
1009223,185,"Ned Cahill","ESS","28","MID","FWD",0,18,"",,,,,,,,
998109,186,"Dylan Clarke","ESS","37","MID",,64.82,21,"12",,,,,,,,
297406,187,"Tom Cutler","ESS","12","MID",,78,24,"66",,,,43,42,87,,87
294518,188,"Joe Daniher","ESS","6","FWD",,62.25,25,"104",,,,,,,"Groin: Indefinite (2020-03-10)",
1005577,189,"Sam Draper","ESS","38","RUC",,0,21,"0",,,,,,,"Knee: 6-8 weeks (2020-03-10)",
296334,190,"Orazio Fantasia","ESS","13","FWD",,57.86,24,"74",36,65,47,59,76,66,,56.5
990816,191,"Aaron Francis","ESS","10","DEF",,64.88,22,"26",73,88,71,44,81,46,,58.5
297438,192,"Martin Gleeson","ESS","8","DEF",,71.33,25,"78",53,81,56,68,78,74,,65
1011864,193,"Noah Gown","ESS","32","FWD",,0,19,"",,,,,,,"Foot: Indefinite (2020-03-10)",
996232,194,"Matt Guelfi","ESS","35","MID",,56.12,22,"32",60,78,65,62,76,69,,67
1008190,195,"Brayden Ham","ESS","33","FWD","MID",44.5,20,"4",58,80,62,20,42,40,,51
290629,196,"Dyson Heppell","ESS","21","MID",,94.71,27,"168",,,,,,,"Foot: TBC (2020-03-10)",
298407,197,"Mitchell Hibberd","ESS","46","MID",,0,23,"4",,,,,,,,
270588,198,"Cale Hooker","ESS","26","DEF",,80.71,31,"192",,,,,,,"Hip: TBC (2020-03-10)",
270935,199,"Michael Hurley","ESS","18","DEF",,79.72,29,"178",43,55,66,116,89,111,,88.5
1006506,200,"Lachlan Johnson","ESS","36","MID","FWD",0,18,"",,,,,,,,
1011755,201,"Harrison Jones","ESS","23","FWD",,0,18,"",44,40,94,,,,,94
298630,202,"Kyle Langford","ESS","4","FWD","MID",73.65,23,"64",106,82,110,47,83,48,,79
298280,203,"Jayden Laverde","ESS","15","FWD",,67.11,23,"39",68,86,67,58,78,63,,65
1018969,204,"Cian McBride","ESS","41","DEF",,0,18,"",32,61,45,,,,,45
294092,205,"Anthony McDonald-Tipungwuti","ESS","43","FWD",,75.41,26,"88",74,56,112,48,85,48,,80
998102,206,"Andrew McGrath","ESS","1","MID",,73.55,21,"63",94,83,96,105,90,99,,97.5
997846,207,"Conor McKenna","ESS","45","DEF",,79.86,23,"72",,,,,,,,
280038,208,"Shaun McKernan","ESS","44","FWD",,67,29,"77",59,69,73,42,91,39,,56
1019156,209,"Ross McQuillan","ESS","39","DEF","FWD",0,20,"",,,,,,,,
992016,210,"Zach Merrett","ESS","7","MID",,105.64,24,"125",74,65,97,106,73,123,,110
1006097,211,"Irving Mosquito","ESS","22","FWD",,0,19,"",26,30,74,,,,,74
998212,212,"Kobe Mutch","ESS","19","MID",,0,21,"4",,,,,,,,
993817,213,"Darcy Parish","ESS","3","FWD","MID",85.7,22,"75",115,65,150,90,76,101,,125.5
294068,214,"Andrew Phillips","ESS","34","RUC",,92.8,28,"41",73,85,73,87,80,92,,82.5
997078,215,"Mason Redman","ESS","27","DEF",,69.95,22,"24",,,,90,60,128,,128
1001026,216,"Jordan Ridley","ESS","14","DEF",,66,21,"9",95,85,95,117,82,121,,108
295461,217,"Adam Saad","ESS","42","DEF",,81.67,25,"91",,,,90,79,97,,97
291783,218,"Dylan Shiel","ESS","9","MID",,97.43,26,"155",104,81,109,80,75,91,,100
291771,219,"Devon Smith","ESS","5","FWD","MID",68.71,26,"137",87,83,89,117,85,117,,103
990606,220,"William Snelling","ESS","40","FWD",,84.67,22,"4",119,65,156,57,77,63,,109.5
294654,221,"James Stewart","ESS","17","FWD",,0,25,"45",,,,,,,"Groin: Test (2020-03-10)",
293884,222,"Jake Stringer","ESS","25","FWD",,70.83,25,"126",,,,,,,,
291891,223,"Jacob Townsend","ESS","20","FWD",,29,26,"48",61,66,79,71,67,90,,84.5
270951,224,"David Zaharakis","ESS","11","MID",,78.95,29,"207",49,62,67,50,41,104,"Thigh: Test (2020-03-10)",85.5
1004034,225,"Brandon Zerk-Thatcher","ESS","30","DEF",,58,21,"1",61,83,62,104,94,94,,78
296294,226,"Blake Acres","FRE","9","FWD","MID",70.79,24,"75",111,69,137,,,,"Hamstring: 6-8 weeks (2020-03-10)",137
295067,227,"James Aish","FRE","11","DEF",,65,24,"81",138,82,143,,,,,143
998180,228,"Bailey Banfield","FRE","41","FWD",,54.57,21,"27",89,82,92,70,75,79,,85.5
296371,229,"Brett Bewley","FRE","34","FWD",,51.71,24,"7",93,70,113,58,80,62,,87.5
298450,230,"Connor Blakely","FRE","19","DEF",,75.79,23,"60",75,70,91,,,,,91
1002232,231,"Andrew Brayshaw","FRE","8","FWD","MID",70.5,20,"39",94,60,133,102,82,106,,119.5
1017984,232,"Isaiah Butters","FRE","38","FWD",,0,18,"",,,,,,,,
1006151,233,"Jason Carter","FRE","35","DEF",,32.5,19,"2",,,,,,,,
1002239,234,"Adam Cerra","FRE","5","DEF",,62.4,20,"41",89,67,113,71,82,74,,93.5
280988,235,"Travis Colyer","FRE","33","FWD",,53.8,28,"97",69,71,83,77,71,92,,87.5
290823,236,"Reece Conca","FRE","6","MID",,68.5,27,"126",49,88,47,78,85,78,,62.5
997033,237,"Brennan Cox","FRE","36","FWD",,56.25,21,"34",47,61,65,101,79,109,,87
1002353,238,"Mitchell Crowden","FRE","12","FWD",,62.8,20,"14",41,32,109,66,51,110,,109.5
998145,239,"Sean Darcy","FRE","4","RUC",,74.18,21,"26",42,40,89,69,80,73,,81
1002372,240,"Hugh Dixon","FRE","17","FWD",,45,20,"1",35,38,78,12,36,28,,53
998115,241,"Taylin Duman","FRE","44","DEF",,61.93,21,"24",49,82,51,91,79,98,,74.5
999321,242,"Minairo Frederick","FRE","43","FWD",,0,19,"",11,30,31,,,,,31
291570,243,"Nat Fyfe","FRE","7","MID",,120,28,"172",,,,115,84,116,,116
1002354,244,"Stefan Giro","FRE","42","MID",,0,20,"10",,,,,,,,
295222,245,"Joel Hamling","FRE","21","DEF",,63.05,26,"84",,,,,,,"Ankle: 9-11 weeks (2020-03-10)",
1005988,246,"Liam Henry","FRE","31","MID","FWD",0,18,"",,,,,,,,
280336,247,"Stephen Hill","FRE","32","DEF","FWD",39,29,"205",,,,32,56,49,"Quad: TBC (2020-03-10)",49
296324,248,"Jesse Hogan","FRE","1","FWD",,60.33,24,"83",,,,,,,"Mental health: Indefinite (2020-03-10)",
996580,249,"Ethan Hughes","FRE","15","DEF",,67.05,25,"50",71,83,73,74,93,68,,70.5
990740,250,"Rory Lobb","FRE","37","RUC",,87.07,26,"88",121,86,120,86,85,86,,103
997933,251,"Griffin Logue","FRE","2","DEF",,62.6,21,"23",83,85,83,67,95,60,,71.5
290817,252,"Brandon Matera","FRE","3","FWD",,63.15,27,"139",34,74,39,,,,,39
995192,253,"Cam McCarthy","FRE","23","FWD",,53.25,24,"69",46,76,51,70,76,78,,64.5
1000980,254,"Lloyd Meek","FRE","30","RUC",,0,21,"0",,,,,,,,
240052,255,"David Mundy","FRE","16","MID",,89.05,34,"315",,,,,,,"Leg: TBC (2020-03-10)",
1003132,256,"Tom North","FRE","24","MID",,0,20,"0",,,,,,,,
1005831,257,"Dillon O'Reilly","FRE","46","DEF",,0,19,"",,,,,,,,
298409,258,"Alex Pearce","FRE","25","DEF",,54.82,24,"53",,,,,,,"Ankle: 3-4 weeks (2020-03-10)",
1007854,259,"Jarvis Pina","FRE","47","DEF","MID",0,19,"",,,,,,,,
998659,260,"Luke Ryan","FRE","13","DEF",,95.83,23,"49",113,85,113,,,,,113
1000860,261,"Lachlan Schultz","FRE","28","FWD",,42.71,22,"7",101,75,114,59,85,59,,86.5
1009420,262,"Caleb Serong","FRE","22","MID",,0,18,"",60,56,91,16,20,68,,79.5
1013611,263,"Sam Sturt","FRE","27","FWD",,0,19,"",39,76,44,29,77,32,,38
992059,264,"Sam Switkowski","FRE","39","FWD",,65,23,"20",,,,,,,,
293854,265,"Matt Taberner","FRE","20","FWD",,78.56,26,"71",38,81,40,53,85,53,,46.5
1009381,266,"Leno Thomas","FRE","48","DEF",,0,18,"",,,,,,,,
993816,267,"Darcy Tucker","FRE","18","FWD","MID",73.36,22,"70",,,,100,71,120,,120
1004850,268,"Luke Valente","FRE","29","MID",,0,19,"",,,,,,,,
281007,269,"Michael Walters","FRE","10","FWD","MID",100.77,28,"150",,,,91,86,90,,90
1004437,270,"Tobe Watson","FRE","45","DEF",,0,22,"",62,79,67,42,89,40,,53.5
294125,271,"Nathan Wilson","FRE","14","DEF",,68.5,26,"115",,,,,,,"Toe: 3-4 weeks (2020-03-10)",
1009256,272,"Hayden Young","FRE","26","DEF",,0,18,"",,,,,,,,
998130,273,"Ben Ainsworth","GCS","9","FWD","MID",60.58,21,"41",90,65,118,74,55,114,,116
1009199,274,"Noah Anderson","GCS","15","MID",,0,18,"",59,74,68,13,42,26,,47
1008882,275,"Charlie Ballard","GCS","10","DEF",,60,20,"32",,,,,,,"Shoulder: 6-8 weeks (2020-03-10)",
998260,276,"Jack Bowes","GCS","3","MID",,75.73,21,"42",75,74,86,91,80,97,,91.5
998129,277,"Will Brodie","GCS","7","MID",,80.25,21,"19",99,60,140,89,84,90,,115
1008454,278,"Connor Budarick","GCS","35","MID","FWD",0,18,"",74,85,74,37,45,70,,72
1000068,279,"Christopher Burgess","GCS","29","DEF",,48.86,24,"14",21,41,44,,,,,44
295446,280,"Sam Collins","GCS","25","DEF",,60.44,25,"23",60,78,65,37,88,36,,50.5
1009334,281,"Matthew Conroy","GCS","48","RUC",,0,19,"",,,,,,,,
1005547,282,"Joshua Corbett","GCS","19","FWD",,41.89,23,"9",,,,,,,,
1002331,283,"Jacob Dawson","GCS","45","DEF",,65.17,20,"9",,,,42,80,45,,45
291753,284,"Sam Day","GCS","12","FWD",,68.1,27,"120",34,53,55,66,80,70,,62.5
293713,285,"Brandon Ellis","GCS","4","MID",,86.7,26,"173",67,65,88,86,89,82,,85
991953,286,"Corey Ellis","GCS","17","DEF",,64.25,23,"31",,,,,,,,
999715,287,"Jy Farrar","GCS","50","FWD",,0,23,"",,,,,,,,
993799,288,"Brayden Fiorini","GCS","8","MID",,87.86,22,"47",,,,39,79,42,,42
1009260,289,"Sam Flanders","GCS","26","MID","FWD",0,18,"",,,,,,,,
1006110,290,"Sam Fletcher","GCS","47","MID",,0,19,"",,,,,,,,
1006087,291,"Caleb Graham","GCS","46","DEF",,54.67,19,"3",39,80,41,71,90,67,,54
281091,292,"Hugh Greenwood","GCS","21","FWD","MID",85.29,27,"51",109,82,113,76,79,82,,97.5
270512,293,"Pearce Hanley","GCS","1","DEF",,77.31,31,"161",,,,,,,,
240254,294,"Jarrod Harbrow","GCS","5","DEF",,77.24,31,"245",,,,,,,,
1002328,295,"Jacob Heron","GCS","40","FWD",,36.8,20,"13",,,,,,,,
297456,296,"Nick Holman","GCS","39","FWD",,67.25,24,"43",,,,75,74,86,,86
291964,297,"Jack Hombsch","GCS","20","DEF",,53.56,26,"116",,,,,,,"Rib: 1-2 weeks (2020-03-10)",
293255,298,"George Horlin-Smith","GCS","33","DEF","MID",45.29,27,"58",,,,,,,,
996064,299,"Jesse Joyce","GCS","38","DEF",,60.19,22,"63",60,85,60,52,63,70,,65
1006144,300,"Ben King","GCS","34","FWD",,41.43,19,"14",42,89,40,,,,,40
294013,301,"Sean Lemmens","GCS","23","FWD","MID",48.25,25,"87",68,61,95,,,,,95
1004095,302,"Jack Lukosius","GCS","13","DEF","FWD",50.57,19,"21",70,56,106,58,76,65,,85.5
996464,303,"Darcy MacPherson","GCS","44","FWD","MID",81.73,22,"39",132,89,126,127,83,130,,128
1000044,304,"Jez McLennan","GCS","43","DEF",,0,19,"",36,86,36,28,31,77,,56.5
290671,305,"Anthony Miles","GCS","2","MID",,83.82,27,"88",,,,,,,"Chest: TBC (2020-03-10)",
298272,306,"Touk Miller","GCS","11","MID",,84.83,23,"100",113,81,119,98,75,111,,115
295942,307,"Jordan Murdoch","GCS","31","DEF",,58.86,27,"122",6,40,13,61,42,123,,68
1016116,308,"Patrick Murtagh","GCS","42","FWD",,0,19,"",,,,,,,,
1007881,309,"Wil Powell","GCS","27","MID",,55,20,"20",,,,,,,"Knee: 6-8 weeks (2020-03-10)",
1001195,310,"Izak Rankine","GCS","22","FWD",,0,19,"",,,,,,,"Shoulder: Test (2020-03-10)",
1006108,311,"Mitchell Riordan","GCS","49","MID",,0,19,"",,,,,,,,
1005986,312,"Malcolm Rosas","GCS","41","FWD",,0,18,"",,,,,,,,
1009208,313,"Matthew Rowell","GCS","18","MID",,0,18,"",100,44,193,36,41,75,,134
998511,314,"Josh Schoenfeld","GCS","36","FWD",,47,22,"15",,,,,,,,
294643,315,"Alex Sexton","GCS","6","FWD",,54.73,26,"119",111,58,163,40,44,77,"Hamstring: 2-3 weeks (2020-03-10)",120
1009380,316,"Jeremy Sharp","GCS","37","MID",,0,18,"",16,40,34,42,46,78,,56
280722,317,"Zac Smith","GCS","32","RUC",,67,29,"114",87,69,107,122,84,123,,115
290832,318,"David Swallow","GCS","24","MID",,88.18,27,"139",103,79,111,122,86,121,,116
281075,319,"Rory Thompson","GCS","16","DEF",,0,28,"104",,,,,,,"Knee: Test (2020-03-10)",
1019157,320,"Luke Towey","GCS","52","DEF",,0,20,"",,,,,,,,
298524,321,"Lachie Weller","GCS","14","DEF",,88.59,23,"86",75,84,76,82,82,85,,80.5
291975,322,"Jarrod Witts","GCS","28","RUC",,99.68,27,"102",,,,,,,"Foot: Test (2020-03-10)",
298289,323,"Peter Wright","GCS","30","FWD",,68,23,"66",63,75,71,67,83,69,,70
220001,324,"Gary Ablett","GEE","4","FWD",,95.67,35,"342",33,68,41,27,87,26,,33.5
994386,325,"Tom Atkins","GEE","30","FWD",,60.25,24,"20",92,84,93,79,85,79,,86
293883,326,"Jed Bews","GEE","24","DEF",,56.11,26,"79",33,80,35,38,84,38,,36.5
296733,327,"Mark Blicavs","GEE","46","DEF",,82.73,28,"153",95,89,91,68,90,64,,77.5
1006101,328,"Oscar Brownless","GEE","20","FWD",,0,19,"",,,,,,,,
1006152,329,"Jordan Clark","GEE","6","MID",,60.94,19,"18",78,82,81,59,78,64,,72.5
999326,330,"Bradley Close","GEE","45","MID","FWD",0,21,"",51,70,62,,,,,62
298336,331,"Nakia Cockatoo","GEE","5","MID","FWD",0,23,"34",,,,,,,"Hamstring: 3-4 weeks (2020-03-10)",
1002242,332,"Charlie Constable","GEE","18","MID",,80,20,"7",62,75,70,,,,,70
291526,333,"Luke Dahlhaus","GEE","40","FWD",,85.14,27,"174",,,,60,84,61,,61
270917,334,"Patrick Dangerfield","GEE","35","MID",,115.19,29,"244",66,63,89,116,70,141,,115
1009229,335,"Sam De Koning","GEE","16","DEF",,0,18,"",,,,,,,,
281065,336,"Mitch Duncan","GEE","22","MID",,103.23,28,"199",,,,,,,"Hip: Test (2020-03-10)",
1017255,337,"Francis Evans","GEE","31","FWD",,0,18,"",,,,,,,,
1002228,338,"Lachie Fogarty","GEE","13","MID",,50.5,20,"17",,,,,,,,
298211,339,"Darcy Fort","GEE","28","FWD",,69.67,26,"3",70,57,104,61,41,126,,115
290550,340,"Cameron Guthrie","GEE","29","MID",,76.22,27,"157",77,69,95,,,,,95
1004870,341,"Zach Guthrie","GEE","39","DEF",,50,21,"17",59,75,67,84,89,80,,73.5
261510,342,"Tom Hawkins","GEE","26","FWD",,85.64,31,"253",30,65,39,45,64,60,,49.5
270326,343,"Lachlan Henderson","GEE","25","DEF",,70.2,30,"169",45,66,58,,,,,58
1000937,344,"Jack Henry","GEE","38","DEF",,53.25,21,"42",,,,53,52,87,,87
1008940,345,"Ben Jarvis","GEE","10","DEF",,0,19,"",26,59,37,,,,,37
294828,346,"Josh Jenkins","GEE","11","FWD",,68.36,30,"147",41,79,44,41,48,73,,58.5
1004681,347,"Jacob Kennerley","GEE","21","DEF",,0,19,"",34,49,59,11,43,22,,40.5
296291,348,"Jake Kolodjashnij","GEE","8","DEF",,54.8,24,"89",,,,,,,"Hip: 3-4 weeks (2020-03-10)",
997254,349,"Nathan Kreuger","GEE","15","FWD",,0,20,"",,,,,,,"Knee: 1-2 weeks (2020-03-10)",
294199,350,"Sam Menegola","GEE","27","MID",,81.33,27,"61",,,,7,28,21,,21
1004938,351,"Gryan Miers","GEE","32","FWD",,67.32,20,"22",59,76,66,71,87,69,,67.5
999824,352,"Quinton Narkle","GEE","19","MID",,104.33,22,"9",113,65,148,78,77,86,,117
1007102,353,"Mark O'Connor","GEE","42","DEF",,63.8,22,"27",,,,29,41,60,,60
1013977,354,"Stefan Okunbor","GEE","43","DEF",,0,21,"",,,,,,,"Achilles: Indefinite (2020-03-10)",
298419,355,"Brandan Parfitt","GEE","3","FWD","MID",78.71,21,"51",,,,58,75,66,,66
993798,356,"James Parsons","GEE","34","MID",,65,22,"35",48,66,62,28,71,34,,48
1002220,357,"Esava Ratugolea","GEE","17","FWD",,58.76,21,"25",33,65,43,41,81,43,,43
291357,358,"Gary Rohan","GEE","23","FWD",,60.56,28,"122",70,71,84,27,55,42,,63
1008202,359,"Blake Schlensog","GEE","36","FWD",,0,19,"",,,,,,,,
250321,360,"Joel Selwood","GEE","14","MID",,85.75,31,"290",,,,,,,"Hamstring: Test (2020-03-10)",
1004940,361,"Sam Simpson","GEE","37","MID",,0,21,"6",,,,,,,,
280317,362,"Rhys Stanley","GEE","1","RUC",,86.06,29,"130",50,48,89,64,49,111,,100
1004948,363,"Cooper Stephens","GEE","12","MID",,0,18,"",21,64,28,,,,,28
270912,364,"Jack Steven","GEE","9","FWD","MID",74,29,"183",,,,97,65,127,,127
291800,365,"Tom Stewart","GEE","44","DEF",,98.18,26,"65",47,78,51,88,89,84,,67.5
1008603,366,"Cameron Taheny","GEE","41","FWD",,0,18,"",,,,,,,,
999382,367,"Jake Tarca","GEE","33","FWD",,0,19,"",,,,,,,,
261497,368,"Harry Taylor","GEE","7","DEF",,70.76,33,"256",82,62,112,88,91,82,,97
292511,369,"Zach Tuohy","GEE","2","DEF",,71.13,30,"183",72,76,81,112,75,127,,104
1009253,370,"Lachlan Ash","GWS","7","DEF","MID",0,18,"",88,72,104,62,69,76,,90
1008436,371,"Kieren Briggs","GWS","32","DEF","FWD",0,20,"",49,62,67,,,,,67
1014038,372,"Callum M. Brown","GWS","46","DEF",,0,19,"",,,,,,,,
1009708,373,"Jack Buckley","GWS","44","FWD","MID",0,22,"0",,,,,,,,
291797,374,"Matt Buntine","GWS","21","DEF","FWD",52.56,26,"59",59,78,64,51,71,61,,62.5
1006103,375,"Jye Caldwell","GWS","5","MID",,50,19,"2",42,59,61,,,,,61
293845,376,"Jeremy Cameron","GWS","18","FWD",,92.8,26,"149",,,,86,85,86,,86
291969,377,"Stephen Coniglio","GWS","3","MID",,101.2,26,"132",,,,135,85,135,,135
294508,378,"Aidan Corr","GWS","35","DEF",,51.5,25,"79",73,58,107,55,77,61,,84
1001396,379,"Isaac Cumming","GWS","13","DEF",,56.4,21,"7",86,70,104,111,61,155,,129.5
1002251,380,"Brent Daniels","GWS","16","FWD",,63.95,20,"29",51,75,58,66,71,79,,68.5
280804,381,"Phil Davis","GWS","1","DEF",,79.47,29,"161",74,80,79,,,,,79
271015,382,"Matt de Boer","GWS","24","MID",,75.13,29,"182",107,82,111,61,80,65,,88
298111,383,"Jeremy Finlayson","GWS","31","FWD",,82.21,23,"34",62,77,68,49,72,58,,63
993902,384,"Matthew Flynn","GWS","30","RUC",,0,22,"0",,,,,,,,
1009528,385,"Tom Green","GWS","12","MID",,0,18,"",106,73,123,72,74,83,,103
295344,386,"Toby Greene","GWS","4","FWD",,93.94,26,"141",,,,127,84,129,,129
999309,387,"Jackson Hately","GWS","9","MID",,61.71,19,"7",129,76,144,92,72,109,,126.5
295265,388,"Nick Haynes","GWS","19","DEF",,87.42,27,"123",,,,108,82,112,,112
1006148,389,"Ian Hill","GWS","37","FWD",,56.43,19,"7",54,65,71,,,,,71
993107,390,"Harry Himmelberg","GWS","27","FWD",,76.19,23,"61",83,73,97,40,41,83,,90
993903,391,"Jacob Hopper","GWS","2","MID",,95.79,22,"62",116,76,130,63,74,72,,101
296984,392,"Tom Hutchesson","GWS","20","MID","FWD",0,24,"",,,,,,,,
1008083,393,"Connor Idun","GWS","39","DEF",,33,19,"1",,,,,,,,
270811,394,"Sam Jacobs","GWS","10","RUC",,80.2,31,"201",66,70,80,111,83,114,,97
290314,395,"Lachlan Keeffe","GWS","25","DEF","FWD",50.22,29,"57",,,,,,,,
296347,396,"Josh Kelly","GWS","22","MID",,117.43,24,"113",,,,100,83,102,,102
291509,397,"Adam Kennedy","GWS","40","DEF",,65.11,27,"111",98,81,103,70,76,78,,90.5
1004286,398,"Zac Langdon","GWS","17","FWD",,44.67,24,"24",109,73,127,53,74,61,,94
290675,399,"Daniel Lloyd","GWS","38","FWD",,60.5,27,"35",66,88,64,74,71,89,,76.5
280762,400,"Shane Mumford","GWS","41","RUC",,81.63,33,"186",,,,,,,,
1006135,401,"Xavier O'Halloran","GWS","33","MID",,0,19,"",25,62,34,,,,,34
998205,402,"Harry Perryman","GWS","36","MID",,75.6,21,"32",81,56,123,82,76,92,,107.5
261374,403,"Sam J. Reid","GWS","50","DEF",,69.18,30,"86",97,77,107,,,,,107
1008123,404,"Jake Riccardi","GWS","26","FWD",,0,20,"",,,,,,,,
240700,405,"Heath Shaw","GWS","23","DEF",,82.64,34,"302",101,90,95,77,79,83,,89
291792,406,"Tommy Sheridan","GWS","11","MID",,2,26,"81",,,,,,,"Calf: 3-4 weeks (2020-03-10)",
1002296,407,"Nick Shipley","GWS","34","MID",,0,20,"2",35,40,74,,,,,74
998225,408,"Zach Sproule","GWS","28","FWD",,26,21,"1",,,,,,,,
1007238,409,"Jake Stein","GWS","42","DEF",,53.2,25,"5",,,,,,,,
998172,410,"Tim Taranto","GWS","14","MID",,102.36,21,"59",13,8,138,,,,"Shoulder: 4-5 months (2020-03-10)",138
1005247,411,"Sam Taylor","GWS","15","DEF",,58.22,20,"26",87,78,95,57,76,64,,79.5
280109,412,"Callan Ward","GWS","8","MID",,4,29,"216",,,,,,,"Knee: 4-6 weeks (2020-03-10)",
294305,413,"Lachie Whitfield","GWS","6","FWD","MID",111.25,25,"129",,,,110,84,111,,111
294685,414,"Zac Williams","GWS","29","DEF",,101.6,25,"97",,,,,,,,
280744,415,"Luke Breust","HAW","22","FWD",,77,29,"206",63,82,65,93,83,95,,80
210012,416,"Shaun Burgoyne","HAW","9","DEF",,76.83,37,"375",,,,48,80,51,,51
291327,417,"Jonathon Ceglar","HAW","18","RUC","FWD",76.8,28,"76",80,66,103,101,71,121,,112
1000959,418,"James Cousins","HAW","46","MID",,69.33,21,"19",50,39,109,14,29,41,,75
1008550,419,"Will Day","HAW","30","DEF",,0,18,"",,,,,,,,
260288,420,"James Frawley","HAW","12","DEF",,55.22,31,"225",55,81,58,74,87,72,,65
293738,421,"Sam Frost","HAW","8","DEF",,64.09,26,"91",35,89,33,56,93,51,,42
1003547,422,"Conor Glass","HAW","13","DEF",,49.43,22,"17",,,,,,,,
1006128,423,"Will Golds","HAW","45","FWD","MID",0,19,"",,,,,,,"Knee: TBC (2020-03-10)",
1006159,424,"Damon Greaves","HAW","44","DEF",,0,19,"",77,90,73,3,12,21,,47
291351,425,"Jack Gunston","HAW","19","FWD",,79.85,28,"191",,,,,,,"Ankle: 1-2 weeks (2020-03-10)",
1001043,426,"Oliver Hanrahan","HAW","41","FWD",,52.44,21,"9",36,84,36,46,91,43,,39.5
993794,427,"Blake Hardwick","HAW","15","DEF",,79,22,"66",68,84,69,,,,"Chest: 11 weeks (2020-03-10)",69
294077,428,"Michael Hartley","HAW","27","DEF",,71.67,26,"44",,,,,,,,
291201,429,"Ricky Henderson","HAW","31","MID",,94.82,31,"152",77,77,85,,,,,85
992462,430,"Daniel Howe","HAW","17","DEF","MID",73.58,24,"62",,,,,,,,
296254,431,"Jarman Impey","HAW","4","DEF",,74.12,24,"116",,,,,,,"Knee: Indefinite (2020-03-10)",
1005150,432,"Emerson Jeka","HAW","39","FWD",,0,18,"",,,,,,,,
998390,433,"Changkuoth Jiath","HAW","29","DEF",,67.5,20,"2",64,78,70,30,26,98,,84
1004991,434,"Harrison Jones","HAW","40","MID",,0,20,"0",,,,,,,,
1006030,435,"Jacob Koschitzke","HAW","34","DEF",,0,19,"",,,,,,,"AC joint: 3 weeks (2020-03-10)",
1000887,436,"Mitch Lewis","HAW","2","FWD",,67.58,21,"14",72,77,79,38,65,50,"Ankle: 1-2 weeks (2020-03-10)",64.5
1009421,437,"Finn Maginness","HAW","32","MID",,0,18,"",,,,,,,,
261323,438,"Ben McEvoy","HAW","7","RUC",,92.74,30,"206",0,2,0,69,74,79,,39.5
291856,439,"Tom Mitchell","HAW","3","MID",,0,26,"109",89,61,124,112,81,118,,121
1006314,440,"Dylan Moore","HAW","36","FWD",,56.14,20,"7",,,,,,,,
1008537,441,"Josh Morris","HAW","35","FWD",,0,18,"",,,,,,,"Knee: 4-5 weeks (2020-03-10)",
1000963,442,"Harry Morrison","HAW","1","FWD","MID",52.89,21,"31",43,89,41,84,87,82,,61.5
1007124,443,"Conor Nash","HAW","11","FWD",,49.64,21,"19",,,,46,85,46,,46
296041,444,"Tim O'Brien","HAW","23","DEF","FWD",71.69,25,"62",63,80,67,,,,"Eye: Test (2020-03-10)",67
294613,445,"Jaeger O'Meara","HAW","10","MID",,90.43,25,"92",40,40,85,93,81,98,,91.5
291821,446,"Jonathon Patton","HAW","25","RUC","FWD",0,26,"88",74,78,81,40,52,65,,73
1011873,447,"Harrison Pepper","HAW","42","DEF",,0,18,"",,,,,,,,
260710,448,"Paul Puopolo","HAW","28","FWD",,63.82,32,"189",74,77,82,65,54,102,,92
1001024,449,"Ned Reeves","HAW","43","RUC",,0,21,"",,,,,,,,
1004919,450,"Jackson Ross","HAW","37","FWD",,0,20,"0",,,,,,,,
998114,451,"Jack Scrimshaw","HAW","14","DEF",,64.5,21,"14",,,,58,73,68,,68
280969,452,"Tom Scully","HAW","21","MID",,65.71,28,"172",65,77,72,95,87,93,,82.5
280737,453,"Liam Shiels","HAW","26","MID",,86.84,28,"204",66,65,86,95,76,106,,96
297566,454,"James Sicily","HAW","6","DEF",,93.82,24,"82",,,,95,91,89,,89
294877,455,"Isaac Smith","HAW","16","MID",,83,31,"199",96,82,100,60,83,61,,80.5
280471,456,"Ben Stratton","HAW","24","DEF",,43.47,30,"187",40,91,37,17,83,17,,27
1002590,457,"Mathew Walker","HAW","33","FWD",,0,19,"",5,35,12,,,,,12
291962,458,"Chad Wingard","HAW","20","FWD","MID",75.93,26,"161",56,51,93,50,78,54,,73.5
1002222,459,"James Worpel","HAW","5","MID",,97.05,20,"33",72,80,76,51,81,54,,65
1008855,460,"Oskar Baker","MEL","33","MID",,48.22,21,"9",,,,,,,,
1008139,461,"Toby Bedford","MEL","12","FWD",,0,19,"",,,,43,32,114,,114
1014081,462,"Austin Bradtke","MEL","46","RUC",,0,19,"",,,,,,,,
298279,463,"Angus Brayshaw","MEL","10","MID",,83.32,23,"80",,,,90,72,106,,106
290622,464,"Mitch Brown","MEL","38","FWD",,66.27,29,"69",66,74,76,,,,,76
1005330,465,"Kade Chandler","MEL","37","FWD",,60,19,"1",,,,,,,"Wrist: 1-2 weeks (2020-03-10)",
1006106,466,"Kyle Dunkley","MEL","48","FWD","MID",47.8,19,"5",,,,,,,"Foot: Test (2020-03-10)",
1001438,467,"Bayley Fritsch","MEL","31","DEF","FWD",76.23,23,"45",,,,102,92,94,,94
290528,468,"Max Gawn","MEL","11","RUC",,128.38,28,"120",,,,68,41,141,,141
1001449,469,"Mitch Hannan","MEL","19","FWD",,41.17,25,"41",,,,,,,"Groin: TBC (2020-03-10)",
297899,470,"James Harmes","MEL","4","MID",,95.09,24,"91",54,86,53,97,84,98,,75.5
290160,471,"Michael Hibberd","MEL","14","DEF",,64.32,29,"142",70,87,68,82,80,87,,77.5
996692,472,"Marty Hore","MEL","34","DEF",,70.64,23,"14",,,,24,38,54,,54
994385,473,"Jayden Hunt","MEL","29","FWD",,58.43,24,"68",,,,,,,,
1009399,474,"Luke Jackson","MEL","6","RUC",,0,18,"",22,59,32,71,49,123,,77.5
281280,475,"Neville Jetta","MEL","39","DEF",,49.86,29,"148",23,82,24,49,75,56,,40
250222,476,"Nathan Jones","MEL","2","DEF","MID",73.27,31,"286",96,46,177,46,44,89,,133
1013409,477,"James Jordon","MEL","23","MID",,0,19,"",0,0,,,,,,
296209,478,"Kade Kolodjashnij","MEL","16","MID",,42.5,24,"80",,,,,,,"Concussion: TBC (2020-03-10)",
1008541,479,"Kysaiah Kropinyeri-Pickett","MEL","36","FWD",,0,18,"",43,70,52,,,,,52
298264,480,"Ed Langdon","MEL","15","MID",,85.86,23,"68",76,95,68,83,92,77,,72.5
298281,481,"Jake Lever","MEL","8","DEF",,70.75,23,"75",66,97,58,83,95,74,,66
298390,482,"Jay Lockhart","MEL","41","FWD",,52.25,23,"12",57,65,75,61,80,65,,70
281085,483,"Steven May","MEL","1","DEF",,70.75,27,"131",,,,98,82,102,,102
992472,484,"Oscar McDonald","MEL","28","DEF",,49.17,23,"74",21,100,18,45,93,41,,29.5
291533,485,"Tom McDonald","MEL","25","FWD",,71.27,27,"161",139,94,126,50,89,48,,87
280824,486,"Jake Melksham","MEL","18","FWD",,66.25,28,"168",64,85,64,81,85,81,,72.5
296420,487,"Alex Neal-Bullen","MEL","30","FWD",,61.43,23,"73",23,68,29,81,71,97,,63
1004695,488,"Aaron Nietschke","MEL","27","MID",,0,19,"",,,,,,,,
996701,489,"Clayton Oliver","MEL","13","MID",,109.36,22,"82",136,83,139,84,82,87,,113
298210,490,"Christian Petracca","MEL","5","FWD",,81.27,23,"85",188,86,186,72,89,69,,127.5
1008893,491,"Harrison Petty","MEL","35","DEF","FWD",53.1,20,"11",,,,,,,,
992644,492,"Braydon Preuss","MEL","21","RUC","FWD",67.43,24,"15",,,,,,,"Knee: 4-6 weeks (2020-03-10)",
1009378,493,"Trent Rivers","MEL","24","DEF","MID",0,18,"",,,,,,,,
296359,494,"Christian Salem","MEL","3","DEF",,90.45,24,"90",87,83,89,,,,,89
1003546,495,"Joel Smith","MEL","44","DEF",,0,23,"11",,,,,,,,
1002282,496,"Charlie Spargo","MEL","9","FWD",,43.13,20,"26",33,67,42,57,76,64,,53
999391,497,"Tom Sparrow","MEL","32","FWD",,48,19,"2",77,60,109,,,,,109
291819,498,"Adam Tomlinson","MEL","20","MID",,71.86,26,"136",72,91,67,120,93,110,,88.5
297990,499,"Aaron vandenBerg","MEL","22","FWD","MID",0,27,"35",100,71,120,9,28,27,"Foot: TBC (2020-03-10)",73.5
291902,500,"Jack Viney","MEL","7","MID",,80.9,25,"119",120,70,146,133,73,155,,150.5
993940,501,"Corey Wagner","MEL","40","FWD","MID",56.73,22,"19",,,,,,,,
294675,502,"Josh Wagner","MEL","42","DEF",,61.17,25,"40",0,0,,,,,,
993806,503,"Sam Weideman","MEL","26","FWD",,58.82,22,"31",82,81,86,38,65,50,"Ankle: Test (2020-03-10)",68
298271,504,"Paul Ahern","NTH","15","DEF","MID",69.14,23,"18",45,57,67,53,67,67,,67
291861,505,"Jed Anderson","NTH","3","MID",,86.59,25,"62",76,70,92,119,71,142,,117
290787,506,"Shaun Atley","NTH","18","DEF",,74.33,27,"197",50,94,45,70,81,73,,59
1004894,507,"Aiden Bonar","NTH","16","MID","FWD",41.5,20,"6",76,61,106,14,27,44,,75
291867,508,"Ben Brown","NTH","50","FWD",,79.55,27,"110",,,,,,,"Calf: 1-2 weeks (2020-03-10)",
290246,509,"Tom Campbell","NTH","42","RUC","FWD",52.5,28,"44",,,,,,,,
1015781,510,"Charlie Comben","NTH","30","RUC","FWD",0,18,"",,,,,,,,
1006138,511,"Joel Crocker","NTH","36","DEF",,0,19,"",,,,,,,,
280921,512,"Ben Cunnington","NTH","10","MID",,102.05,28,"209",97,79,104,28,42,57,,80.5
1002267,513,"Luke Davies-Uniacke","NTH","9","FWD","MID",63,20,"21",,,,,,,"Groin: TBC (2020-03-10)",
290199,514,"Majak Daw","NTH","1","DEF",,0,28,"50",30,79,32,41,68,51,,41.5
296035,515,"Trent Dumont","NTH","14","MID",,83.81,24,"82",57,87,56,66,79,71,,63.5
297767,516,"Sam Durdin","NTH","24","DEF",,52.6,23,"19",67,78,73,,,,,73
296078,517,"Taylor Garner","NTH","6","FWD",,62.22,25,"43",52,71,62,53,42,107,,84.5
271129,518,"Todd Goldstein","NTH","22","RUC",,112.23,31,"234",100,72,118,100,75,113,,115.5
296735,519,"Aaron Hall","NTH","43","MID",,75.83,29,"109",,,,98,73,114,,114
998327,520,"Kyron Hayden","NTH","37","MID",,31,20,"1",,,,,,,"Achilles: 9-11 weeks (2020-03-10)",
260227,521,"Shaun Higgins","NTH","4","MID",,94.88,31,"220",,,,119,87,116,,116
1001351,522,"Lachlan Hosie","NTH","46","FWD",,0,22,"",,,,,,,,
290802,523,"Ben Jacobs","NTH","5","MID",,0,27,"90",,,,,,,"Concussion: TBC (2020-03-10)",
1001017,524,"Nick Larkey","NTH","20","FWD",,60.59,21,"19",67,85,67,108,82,112,,89.5
290194,525,"Jamie Macmillan","NTH","34","DEF",,81.61,28,"157",67,81,70,70,87,68,,69
1009189,526,"Jack Mahony","NTH","35","MID","FWD",0,18,"",30,69,37,53,73,62,,49.5
296355,527,"Luke McDonald","NTH","11","DEF",,60.23,24,"109",66,84,67,56,85,56,,61.5
1006653,528,"Matthew McGuinness","NTH","41","DEF",,0,19,"",,,,,,,,
1002143,529,"Ben McKay","NTH","23","DEF",,34.33,22,"4",,,,,,,,
1000905,530,"Tom Murphy","NTH","40","DEF",,0,21,"4",,,,28,58,41,,41
1011771,531,"Flynn Perez","NTH","39","DEF",,0,18,"",,,,,,,"Knee: 9-11 weeks (2020-03-10)",
290156,532,"Jasper Pittard","NTH","17","DEF",,79.55,28,"148",36,82,37,86,85,86,,61.5
290738,533,"Jared Polec","NTH","13","MID",,87.73,27,"128",,,,75,69,92,,92
1006058,534,"Bailey Scott","NTH","8","MID","FWD",54,19,"4",48,85,48,,,,,48
993998,535,"Jy Simpkin","NTH","12","FWD","MID",70.52,21,"56",95,79,102,87,76,97,,99.5
270325,536,"Robbie Tarrant","NTH","25","DEF",,82.45,30,"148",,,,73,78,80,,80
1006137,537,"Curtis Taylor","NTH","31","FWD",,20,19,"2",33,42,67,95,86,94,,80.5
1005729,538,"Tarryn Thomas","NTH","26","FWD",,62.6,19,"20",61,77,67,52,49,90,,78.5
992499,539,"Kayne Turner","NTH","28","FWD",,60.67,24,"79",47,74,54,,,,"Sesamoid/foot: 9-11 weeks (2020-03-10)",54
291784,540,"Dom Tyson","NTH","21","MID",,75.67,26,"110",,,,,,,,
298287,541,"Ed Vickers-Willis","NTH","33","DEF",,1,23,"15",,,,,,,"Knee: TBC (2020-03-10)",
291550,542,"Josh Walker","NTH",,"DEF",,63.64,,,96,77,106,70,75,79,,92.5
1005084,543,"Will Walker","NTH","27","FWD",,0,20,"4",,,,,,,,
295256,544,"Marley Williams","NTH","2","DEF",,61.65,26,"119",36,60,51,,,,"Suspension: Round 3 (2020-03-10)",51
295340,545,"Mason Wood","NTH","32","FWD",,65.61,26,"57",,,,,,,,
1004965,546,"Tristan Xerri","NTH","38","RUC","FWD",0,20,"0",98,79,105,37,68,46,,75.5
280944,547,"Jack Ziebell","NTH","7","FWD","MID",90.86,28,"210",,,,16,38,36,,36
998484,548,"Cameron Zurhaar","NTH","44","FWD",,65.16,21,"28",48,77,53,20,79,22,,37.5
297354,549,"Karl Amon","PTA","15","MID",,77.06,24,"59",53,68,66,81,83,83,,74.5
998126,550,"Joe Atley","PTA","30","MID",,66,21,"4",,,,,,,,
1009191,551,"Miles Bergman","PTA","14","FWD",,0,18,"",,,,,,,"Ankle: Test (2020-03-10)",
250365,552,"Travis Boak","PTA","10","MID",,107.24,31,"264",120,67,152,83,71,99,,125.5
994599,553,"Riley Bonner","PTA","26","DEF",,69.16,22,"42",50,70,61,77,91,72,,66.5
1008531,554,"Trent Burgoyne","PTA","31","FWD",,0,18,"",,,,,,,,
992128,555,"Ryan Burton","PTA","3","DEF",,74,22,"63",58,78,63,92,74,106,,84.5
1006121,556,"Zak Butters","PTA","18","FWD",,60.53,19,"19",65,70,79,49,66,63,,71
991930,557,"Darcy Byrne-Jones","PTA","33","DEF",,87.18,24,"86",57,77,63,94,88,91,,77
294504,558,"Tom Clurey","PTA","17","DEF",,74,25,"81",39,75,44,52,90,49,,46.5
1002355,559,"Tobin Cox","PTA","47","FWD",,0,20,"",24,62,33,,,,,33
280711,560,"Charlie Dixon","PTA","22","FWD",,64.56,29,"135",98,85,98,61,63,82,"Groin: 1-2 weeks (2020-03-10)",90
1000972,561,"Willem Drew","PTA","28","MID",,72.3,21,"10",,,,32,36,76,,76
1006096,562,"Xavier Duursma","PTA","21","MID",,73.95,19,"20",80,70,97,31,73,36,,66.5
261911,563,"Brad Ebert","PTA","7","FWD",,76.45,29,"246",43,74,49,47,36,111,,80
1002253,564,"Kane Farrell","PTA","24","FWD",,48.57,20,"12",37,74,42,71,75,80,,61
999320,565,"Martin Frederick","PTA","45","DEF",,0,19,"",,,,,,,,
998321,566,"Joel Garner","PTA","27","DEF",,50.5,20,"4",,,,,,,,
1010174,567,"Mitchell Georgiades","PTA","19","FWD",,0,18,"",35,49,61,43,73,50,,55.5
261396,568,"Robbie Gray","PTA","9","FWD","MID",83.42,31,"216",,,,93,82,96,,96
1004829,569,"Riley Grundy","PTA","41","DEF",,0,19,"",,,,,,,"Knee: TBC (2020-03-10)",
261892,570,"Hamish Hartlett","PTA","8","DEF",,80.09,29,"164",68,74,78,83,81,87,,82.5
1002248,571,"Sam Hayes","PTA","25","RUC",,0,20,"0",,,,,,,,
994295,572,"Dan Houston","PTA","5","DEF","MID",89.29,22,"60",96,71,115,40,41,83,,99
292145,573,"Tom Jonas","PTA","1","DEF",,76.89,28,"139",63,83,65,87,95,78,,71.5
997142,574,"Peter Ladhams","PTA","38","RUC","FWD",75.2,21,"5",75,71,90,,,,,90
293987,575,"Jarrod Lienert","PTA","40","DEF",,82.14,25,"13",47,70,57,66,20,280,,168.5
290746,576,"Scott Lycett","PTA","29","RUC",,101.39,27,"93",,,,34,45,64,"Ankle: 1-2 weeks (2020-03-10)",64
1004998,577,"Todd Marshall","PTA","4","FWD",,52.7,21,"20",28,58,41,60,60,85,,63
293603,578,"Sam Mayes","PTA","32","MID",,0,25,"101",56,61,78,,,,,78
290527,579,"Trent McKenzie","PTA","12","DEF",,110,27,"108",63,72,74,50,82,52,,63
1005326,580,"Jackson Mead","PTA","44","MID",,0,18,"",,,,,,,,
280990,581,"Steven Motlop","PTA","6","FWD",,62.36,28,"168",130,74,149,49,77,54,,101.5
1009389,582,"Jake Pasini","PTA","48","DEF",,0,18,"",,,,,,,,
1002392,583,"Jake Patmore","PTA","37","FWD","MID",0,20,"0",,,,,,,,
993979,584,"Sam Powell-Pepper","PTA","2","FWD","MID",74.26,21,"57",102,65,133,71,77,78,,105.5
270919,585,"Tom Rockliff","PTA","11","MID",,91.22,29,"190",64,62,88,74,68,92,,90
1001299,586,"Connor Rozee","PTA","20","FWD",,77.73,19,"22",108,57,161,70,81,73,,117
290733,587,"Cameron Sutcliffe","PTA","50","FWD",,51.4,27,"108",,,,,,,,
280972,588,"Jack Watts","PTA","23","DEF",,81,28,"174",,,,,,,,
260750,589,"Justin Westhoff","PTA","39","FWD","MID",80.2,33,"268",58,63,78,108,71,129,,103.5
1009195,590,"Dylan Williams","PTA","34","MID","FWD",0,18,"",,,,,,,,
294318,591,"Ollie Wines","PTA","16","MID",,88.33,25,"141",,,,,,,"Shoulder: 5-7 weeks (2020-03-10)",
999346,592,"Boyd Woodcock","PTA","36","FWD",,0,19,"",,,,,,,,
992786,593,"Jake Aarts","RIC","39","FWD",,0,25,"",36,38,81,,,,,81
290198,594,"David Astbury","RIC","12","DEF",,67,28,"126",81,83,83,59,87,58,,70.5
1000223,595,"Liam Baker","RIC","7","DEF","FWD",74.38,21,"19",120,87,117,46,90,43,,80
1002245,596,"Noah Balta","RIC","21","RUC","FWD",47.46,20,"13",22,78,24,,,,,24
993993,597,"Shai Bolton","RIC","29","FWD",,69.81,21,"25",37,83,38,57,79,61,,49.5
295203,598,"Nathan Broad","RIC","35","DEF",,54.29,26,"51",64,75,73,55,92,51,,62
290623,599,"Josh Caddy","RIC","22","FWD","MID",75,27,"152",61,85,61,65,85,65,,63
991933,600,"Jason Castagna","RIC","11","FWD",,66.43,23,"73",39,83,40,65,83,67,,53.5
994077,601,"Mabior Chol","RIC","41","RUC","FWD",58.22,22,"10",46,84,47,,,,,47
1000061,602,"Callum Coleman-Jones","RIC","40","RUC","FWD",60,20,"1",59,75,67,51,60,72,,69.5
1008297,603,"Riley Collier-Dawkins","RIC","26","MID",,0,19,"",30,55,46,,,,,46
270896,604,"Trent Cotchin","RIC","9","MID",,79.09,29,"231",,,,66,73,77,,77
1009308,605,"Noah Cumberland","RIC","38","MID","FWD",0,18,"",,,,,,,,
1009226,606,"Thomson Dow","RIC","27","MID",,0,18,"",20,20,85,21,43,42,,63.5
260930,607,"Shane Edwards","RIC","10","DEF","MID",84.33,31,"252",,,,67,83,69,,69
1006276,608,"Derek Eggmolesse-Smith","RIC","43","DEF",,62,21,"2",,,,,,,,
1006536,609,"Luke English","RIC","32","FWD","MID",0,19,"",,,,,,,,
998218,610,"Ryan Garthwaite","RIC","42","DEF",,50,21,"9",62,71,74,,,,,74
990827,611,"Jack Graham","RIC","34","MID",,77.14,21,"37",,,,,,,"Shoulder: Test (2020-03-10)",
280819,612,"Dylan Grimes","RIC","2","DEF",,73.57,28,"148",75,81,79,64,87,63,,71
1002227,613,"Jack Higgins","RIC","13","FWD",,66.08,20,"33",22,65,29,,,,,29
250312,614,"Bachar Houli","RIC","14","DEF",,105.26,31,"204",,,,35,84,35,,35
290032,615,"Kane Lambert","RIC","23","FWD",,88,28,"92",63,79,68,37,25,126,"Concussion: Test (2020-03-10)",97
293813,616,"Tom J. Lynch","RIC","19","FWD",,71.59,27,"153",,,,111,90,105,,105
298358,617,"Oleg Markov","RIC","31","MID",,48.5,23,"17",0,45,0,,,,,0
290847,618,"Dustin Martin","RIC","4","FWD","MID",100,28,"221",,,,98,84,99,,99
1009313,619,"Will Martyn","RIC","36","MID",,0,18,"",,,,,,,,
294592,620,"Kamdyn McIntosh","RIC","33","MID",,63.31,25,"90",,,,,,,"Ankle: Test (2020-03-10)",
1002403,621,"Ben Miller","RIC","46","DEF",,0,20,"0",,,,,,,,
1002231,622,"Patrick Naish","RIC","6","MID",,72.5,20,"2",22,28,67,,,,,67
298174,623,"Toby Nankervis","RIC","25","RUC",,74.44,25,"68",,,,,,,"Adductor: Test (2020-03-10)",
1006193,624,"Bigoa Nyuon","RIC","47","DEF","RUC",0,18,"",,,,2,18,9,,9
993771,625,"Marlion Pickett","RIC","50","MID",,0,27,"",61,79,66,61,90,58,,62
290627,626,"Dion Prestia","RIC","3","MID",,101.32,27,"152",84,68,105,75,74,86,,95.5
1011985,627,"Hugo Ralphsmith","RIC","45","MID","FWD",0,18,"",,,,,,,,
250395,629,"Jack Riewoldt","RIC","8","FWD",,68.9,31,"259",,,,27,92,25,,25
1000981,630,"Daniel Rioli","RIC","17","FWD",,59.26,22,"74",38,67,48,81,79,87,,67.5
1006133,631,"Jack Ross","RIC","5","MID",,62.57,19,"7",66,69,81,,,,,81
992049,632,"Jayden Short","RIC","15","DEF",,64.33,23,"68",113,84,114,73,85,73,,93.5
998529,633,"Ivan Soldo","RIC","20","RUC",,75.73,23,"19",49,68,61,70,58,103,,82
1002583,634,"Sydney Stack","RIC","44","DEF",,80.12,19,"17",79,72,93,45,76,50,,71.5
1006208,635,"Fraser Turner","RIC","28","MID",,0,19,"",,,,,,,,
294674,636,"Nick Vlastuin","RIC","1","DEF",,91.24,25,"138",106,76,119,47,82,49,,84
1005530,637,"Ryan Abbott","STK","27","RUC",,66,28,"5",14,22,54,,,,,54
1013976,638,"Sam Alabakis","STK","45","RUC",,0,22,"",,,,,,,,
298091,639,"Logan Austin","STK","24","DEF",,0,24,"20",,,,,,,,
998134,640,"Josh Battle","STK","26","DEF",,71.84,21,"26",29,58,42,64,53,103,,72.5
1009221,641,"Jack Bell","STK","42","RUC",,0,18,"",,,,,,,,
296351,642,"Jack Billings","STK","15","MID",,93.82,24,"107",93,85,93,93,83,95,,94
260310,643,"Nathan Brown","STK","22","DEF",,53.31,31,"182",,,,,,,,
992374,644,"Dan Butler","STK","16","FWD",,48,23,"45",86,84,87,28,82,29,,58
1011994,645,"Ryan Byrnes","STK","31","MID",,0,18,"",,,,,,,,
1002922,646,"Jack Bytel","STK","23","MID",,0,19,"",,,,,,,,
290641,647,"Jake Carlisle","STK","2","DEF",,60.5,28,"134",92,81,97,,,,,97
1002264,648,"Hunter Clark","STK","11","DEF",,74.07,20,"29",97,81,102,56,79,60,,81
1002266,649,"Oscar Clavarino","STK","38","DEF",,0,20,"0",,,,,,,,
1005717,650,"Nick Coffield","STK","1","DEF",,57,20,"18",65,78,71,26,46,48,,59.5
1009228,651,"Leo Connolly","STK","37","DEF","MID",0,18,"",,,,,,,,
294429,652,"Luke Dunstan","STK","7","MID",,93.06,24,"103",95,64,126,109,72,129,,127.5
260113,653,"Jarryn Geary","STK","14","DEF",,70.2,31,"188",,,,50,68,63,"Facial fracture: Test (2020-03-10)",63
298421,654,"Jade Gresham","STK","4","FWD","MID",84.05,22,"81",59,59,85,,,,,85
290117,655,"Dan Hannebery","STK","10","MID",,96,28,"211",,,,69,62,95,,95
295584,656,"Bradley Hill","STK","8","MID",,84.23,26,"148",65,62,89,103,77,114,,101.5
297452,657,"Nick Hind","STK","40","FWD",,57.27,25,"11",,,,,,,,
993480,658,"Dougal Howard","STK","20","DEF","FWD",69.33,23,"45",34,78,37,100,86,99,,68
991988,659,"Zak Jones","STK","3","MID",,85.71,24,"89",,,,85,77,94,,94
1003520,660,"Darragh Joyce","STK","39","DEF",,55,22,"5",,,,,,,,
294570,661,"Dean Kent","STK","25","FWD",,63.69,25,"76",72,83,74,62,80,66,,70
1006143,662,"Max King","STK","12","FWD",,0,19,"",46,82,48,29,70,35,,41.5
1004989,663,"Doulton Langlands","STK","46","MID",,53.33,20,"3",,,,,,,,
993917,664,"Ben Long","STK","21","FWD",,52.13,22,"30",64,80,68,85,89,81,,74.5
992000,665,"Jack Lonie","STK","13","FWD",,65.23,23,"63",83,77,92,105,84,106,,99
990548,666,"Jonathon Marsh","STK","43","DEF",,50.6,24,"20",23,24,81,,,,,81
992468,667,"Rowan Marshall","STK","19","RUC",,110.25,24,"33",117,79,126,56,75,63,,94.5
1004360,668,"Jack Mayo","STK","48","FWD",,0,20,"",,,,,,,,
298265,669,"Daniel McKenzie","STK","36","DEF",,51.73,23,"49",20,21,81,,,,,81
294596,670,"Tim Membrey","STK","28","FWD",,80.36,25,"92",164,88,158,82,83,84,,121
1000267,671,"Matthew Parker","STK","34","FWD",,53.53,23,"17",,,,,,,,
1004985,672,"Ben Paton","STK","33","DEF",,57.85,21,"16",58,68,72,62,76,69,,70.5
1002213,673,"Ed Phillips","STK","30","MID",,63.25,21,"11",,,,24,49,42,,42
280933,674,"Dylan Roberton","STK","17","DEF",,0,28,"128",,,,60,82,62,,62
293846,675,"Sebastian Ross","STK","6","MID",,97.77,26,"124",82,63,111,,,,,111
250267,676,"Paddy Ryder","STK","18","RUC","FWD",82.71,31,"243",75,71,90,69,79,74,,82
280858,677,"Shane Savage","STK","5","DEF",,84.14,28,"163",42,64,56,,,,,56
994389,678,"Jack Sinclair","STK","35","FWD","MID",77.41,24,"86",57,90,54,33,79,36,,45
296205,679,"Jack Steele","STK","9","MID",,95,24,"78",97,78,106,122,81,128,,117
290757,680,"Jimmy Webster","STK","29","DEF",,63.75,26,"93",,,,,,,,
296422,681,"Callum Wilkie","STK","44","DEF",,70.68,23,"22",86,81,90,58,86,57,,73.5
294469,682,"Aliir Aliir","SYD","36","DEF",,77.55,25,"49",60,88,58,92,84,93,,75.5
1008091,683,"Joel Amartey","SYD","46","RUC",,0,20,"0",,,,-2,15,-11,,-11
1002291,684,"James Bell","SYD","32","FWD","MID",26.5,20,"2",,,,,,,,
1006028,685,"Nick Blakey","SYD","22","FWD",,54.48,19,"21",31,84,31,30,79,32,,31.5
295156,686,"Kaiden Brand","SYD","2","DEF",,57.6,25,"43",74,83,76,48,84,49,,62.5
996442,687,"Ryan Clarke","SYD","4","MID",,56.93,22,"54",,,,40,28,121,,121
291978,688,"Harry Cunningham","SYD","7","DEF",,80.33,26,"113",73,77,81,73,84,74,,77.5
992242,689,"Jordan Dawson","SYD","34","DEF","FWD",86.15,22,"25",125,91,117,50,82,52,,84.5
998103,690,"Oliver Florent","SYD","13","MID",,68.76,21,"53",66,83,68,41,70,50,,59
1011791,691,"Zac Foot","SYD","16","FWD","MID",0,19,"",,,,,,,,
291848,692,"Robbie Fox","SYD","42","DEF","FWD",55,26,"24",40,46,74,,,,"Ankle: Test (2020-03-10)",74
240399,693,"Lance Franklin","SYD","23","FWD",,72.6,32,"299",,,,,,,"Knee: 3-5 weeks (2020-03-10)",
1004113,694,"Will Gould","SYD","17","DEF",,0,18,"",68,68,85,,,,,85
290722,695,"Sam Gray","SYD","15","FWD",,71.2,27,"96",66,85,66,68,89,65,,65.5
997100,696,"Will Hayward","SYD","9","FWD",,58.54,21,"53",40,82,41,43,82,45,,43
298539,697,"Isaac Heeney","SYD","5","FWD","MID",94.05,23,"101",,,,44,74,51,,51
294036,698,"George Hewett","SYD","29","MID",,87.95,24,"92",23,81,24,,,,,24
260382,699,"Josh P. Kennedy","SYD","12","MID",,106.63,31,"244",84,67,107,156,69,192,,149.5
1012101,700,"Michael Knoll","SYD","48","RUC",,0,26,"",3,22,12,,,,,12
1004949,701,"Matthew Ling","SYD","19","DEF",,0,20,"0",,,,,,,,
295342,702,"Jake Lloyd","SYD","44","DEF",,108.91,26,"136",,,,98,89,94,,94
998662,703,"Jack Maibaum","SYD","21","DEF",,0,21,"0",,,,,,,,
1008198,704,"Tom McCartin","SYD","30","FWD",,49.68,20,"34",7,49,12,29,62,40,,26
1011936,705,"Justin McInerney","SYD","27","MID",,21,19,"1",80,86,79,3,7,36,,57.5
1003203,706,"Hayden McLean","SYD","41","RUC",,61,20,"4",,,,,,,,
996743,707,"Lewis Melican","SYD","43","DEF",,52.41,23,"37",,,,,,,"Hamstring: 2-3 weeks (2020-03-10)",
993905,708,"Callum Mills","SYD","14","DEF",,81.77,22,"77",,,,105,95,94,,94
298144,709,"Sam Naismith","SYD","10","RUC",,0,27,"27",79,55,122,69,72,81,,101.5
1019158,710,"Barry O'Connor","SYD","35","DEF","FWD",0,21,"",,,,,,,,
997842,711,"Colin O'Riordan","SYD","38","DEF",,62.25,24,"15",89,86,88,58,81,61,,74.5
996765,712,"Tom Papley","SYD","11","FWD",,78.36,23,"81",,,,88,83,90,,90
290778,713,"Luke Parker","SYD","26","MID",,105.09,27,"193",98,75,111,94,72,111,,111
290307,714,"Dane Rampe","SYD","24","DEF",,97.19,29,"157",36,50,61,79,85,79,,70
290188,715,"Sam Reid","SYD","20","FWD",,78.45,28,"141",,,,,,,"Calf: Test (2020-03-10)",
1013624,716,"Harry Reynolds","SYD","31","DEF",,0,19,"",,,,,,,,
1004880,717,"Ben Ronke","SYD","25","FWD",,44.92,22,"31",34,78,37,26,13,170,,103.5
1006126,718,"James Rowbottom","SYD","8","FWD","MID",62.17,19,"12",51,71,61,76,77,84,,72.5
1011789,719,"Brady Rowles","SYD","39","DEF","MID",0,18,"",,,,,,,,
294737,720,"Callum Sinclair","SYD","18","RUC",,73,30,"101",22,75,25,64,88,62,,43.5
1004848,721,"Dylan Stephens","SYD","3","MID",,0,18,"",38,73,44,49,64,65,,54.5
1008080,722,"Ryley Stoddart","SYD","33","DEF",,21,20,"4",,,,,,,,
1005997,723,"Elijah Taylor","SYD","37","MID","FWD",0,18,"",,,,,,,,
296211,724,"Lewis Taylor","SYD","28","MID",,71.4,24,"112",54,77,60,91,74,105,,82.5
294663,725,"Jackson Thurlow","SYD","6","DEF",,60.67,25,"55",,,,,,,,
1012014,726,"Chad Warner","SYD","1","MID",,0,18,"",-2,36,-5,,,,,-5
1006232,727,"Samuel Wicks","SYD","45","MID",,0,20,"",8,32,21,,,,,21
297373,728,"Marcus Bontempelli","WBD","4","MID",,114.73,24,"125",195,81,205,102,78,111,,158
291492,729,"Josh Bruce","WBD","17","FWD",,65.95,27,"113",,,,73,84,74,,74
1011992,730,"Louis Butler","WBD","18","DEF","MID",0,18,"",,,,,,,,
296070,731,"Ben Cavarra","WBD","25","FWD",,0,24,"",,,,,,,,
991939,732,"Zaine Cordy","WBD","12","DEF",,50.73,23,"69",48,90,45,60,93,55,,50
293651,733,"Hayden Crozier","WBD","9","DEF",,74.9,26,"107",91,83,93,61,83,62,,77.5
996708,734,"Bailey Dale","WBD","31","FWD",,71.44,23,"49",69,84,70,43,79,46,,58
295136,735,"Caleb Daniel","WBD","35","DEF",,99.06,23,"90",92,84,93,66,78,72,,82.5
295712,736,"Tory Dickson","WBD","29","FWD",,60.94,32,"112",53,68,66,,,,"Adductor: Test (2020-03-10)",66
993834,737,"Josh Dunkley","WBD","5","MID",,116.45,22,"64",103,88,99,103,82,107,,103
290085,738,"Taylor Duryea","WBD","15","DEF",,75.77,28,"131",,,,,,,"Groin: 5 weeks (2020-03-10)",
1004592,739,"Tim English","WBD","44","RUC",,82.58,22,"28",,,,123,87,120,,120
1006533,740,"Riley Garcia","WBD","38","MID",,0,18,"",,,,,,,"Knee: Indefinite (2020-03-10)",
997501,741,"Ryan Gardner","WBD","43","FWD",,31.5,22,"2",43,93,39,,,,,39
298277,742,"Billy Gowers","WBD","26","FWD",,48.6,23,"30",,,,,,,,
1006303,743,"Fergus Greene","WBD","30","FWD",,0,22,"5",,,,,,,,
991976,744,"Will Hayes","WBD","32","MID",,58,24,"8",48,42,97,15,37,34,"Suspended: Round 2 (2020-03-10)",65.5
294557,745,"Lachie Hunter","WBD","7","MID",,95.27,25,"126",109,87,106,103,85,103,,104.5
294101,746,"Jason Johannisen","WBD","39","DEF",,84.37,27,"124",59,77,65,71,86,70,,67.5
295313,747,"Lin Jong","WBD","46","MID",,0,26,"61",,,,,,,"Hamstring: 5 weeks (2020-03-10)",
290797,748,"Alex Keath","WBD","42","DEF",,76.06,27,"30",72,88,70,56,89,53,,61.5
998782,749,"Buku Khamis","WBD","24","DEF",,0,19,"",,,,,,,,
290799,750,"Tom Liberatore","WBD","21","MID",,82.4,27,"131",,,,,,,"Knee: 4 weeks (2020-03-10)",
1003130,751,"Patrick Lipinski","WBD","27","FWD","MID",81.31,21,"31",71,80,75,97,75,110,,92.5
290073,752,"Sam Lloyd","WBD","22","FWD",,77.18,29,"79",82,77,91,61,76,68,,79.5
994410,753,"Brad Lynch","WBD","36","DEF",,0,22,"9",,,,,,,,
295467,754,"Jack Macrae","WBD","11","MID",,123.18,25,"139",124,78,135,76,82,79,,107
996483,755,"Toby McLean","WBD","16","FWD",,70,23,"77",45,62,62,45,60,64,,63
1002404,756,"Aaron Naughton","WBD","33","FWD",,67.73,20,"40",,,,,,,"Knee: 2 weeks (2020-03-10)",
1002383,757,"Callum Porter","WBD","28","MID",,0,20,"0",,,,,,,,
1008280,758,"Ed Richards","WBD","20","FWD","MID",48.68,20,"40",32,33,82,,,,,82
993841,759,"Josh Schache","WBD","13","FWD",,57,22,"53",101,86,100,10,60,14,,57
1006130,760,"Bailey Smith","WBD","6","FWD","MID",76.59,19,"22",80,78,87,86,83,88,,87.5
992054,761,"Roarke Smith","WBD","37","FWD","MID",52.8,23,"17",38,67,48,36,40,76,,62
270732,762,"Matthew Suckling","WBD","1","DEF",,83.61,31,"170",,,,49,73,57,,57
992330,763,"Jordon Sweet","WBD","41","RUC",,0,21,"",73,71,87,,,,,87
280013,764,"Jackson Trengove","WBD","8","DEF",,65.19,29,"185",,,,,,,,
1005000,765,"Laitham Vandermeer","WBD","23","FWD","MID",0,20,"",,,,,,,"Hamstring: Test (2020-03-10)",
291545,766,"Mitch Wallis","WBD","3","FWD","MID",83.7,27,"133",49,39,107,52,79,56,,81.5
1011803,767,"Cody Weightman","WBD","19","FWD",,0,18,"",,,,,,,,
1006127,768,"Rhylee West","WBD","14","FWD",,71,19,"2",,,,,,,,
992351,769,"Bailey Williams","WBD","34","DEF",,55.33,22,"41",70,85,70,106,85,106,,88
281139,770,"Easton Wood","WBD","10","DEF",,53.36,30,"158",,,,66,86,65,,65
1004909,771,"Lachlan Young","WBD","40","DEF",,44.83,20,"6",,,,,,,,
997316,772,"Lewis Young","WBD","2","DEF",,61.5,21,"13",76,80,81,39,41,81,,81
291947,773,"Brendon Ah Chee","WCE","41","MID",,70,26,"36",53,75,60,,,,,60
1004356,774,"Brayden Ainsworth","WCE","33","MID",,0,21,"3",,,,,,,,
1004385,775,"Oscar Allen","WCE","12","FWD",,65.9,20,"23",,,,,,,"Ankle: Test (2020-03-10)",
990290,776,"Tom Barrass","WCE","37","DEF",,78.17,24,"63",42,75,48,65,84,66,,57
1002300,777,"Jarrod Brander","WCE","10","DEF","FWD",35,20,"3",46,72,54,76,77,84,,69
998107,778,"Hamish Brayshaw","WCE","22","MID",,0,21,"0",20,21,81,,,,,81
1005793,779,"Jarrod Cameron","WCE","39","FWD",,57,19,"7",,,,,,,"Pubic bone: 6-8 weeks (2020-03-10)",
993820,780,"Thomas Cole","WCE","28","DEF",,57.36,22,"41",32,77,35,,,,,35
290826,781,"Jamie Cripps","WCE","15","FWD",,76.18,27,"161",53,84,54,60,85,60,,57
290838,782,"Jack Darling","WCE","27","FWD",,84.5,27,"194",,,,,,,"Cheekbone: Test (2020-03-10)",
298268,783,"Liam Duggan","WCE","14","DEF",,65,23,"85",57,85,57,118,85,118,,87.5
1011437,784,"Harry Edwards","WCE","42","DEF",,0,19,"",,,,,,,,
1005599,785,"Luke Foley","WCE","29","DEF",,0,20,"",,,,,,,"Pubic bone: TBC (2020-03-10)",
290801,786,"Andrew Gaff","WCE","3","MID",,107.4,27,"195",,,,133,87,130,,130
294266,787,"Tom Hickey","WCE","16","RUC",,78.39,28,"97",0,0,,,,,,
240283,788,"Shannon Hurn","WCE","25","DEF",,103.53,32,"267",95,83,97,93,79,100,,98.5
281052,789,"Mark Hutchings","WCE","34","MID",,50.5,28,"111",77,86,76,60,80,64,,70
1011243,790,"Callum Jamieson","WCE","40","RUC",,0,19,"",,,,,,,,
281281,791,"Lewis Jetta","WCE","23","DEF",,70.45,30,"193",74,76,83,111,83,114,,98.5
1011464,792,"Ben Johnson","WCE","38","DEF",,0,18,"",,,,,,,,
295898,793,"Tim Kelly","WCE","11","MID",,103.45,25,"45",100,85,100,108,81,113,,106.5
240406,794,"Josh J. Kennedy","WCE","17","FWD",,61.8,32,"241",122,88,118,29,64,39,,78.5
294859,795,"Jeremy McGovern","WCE","20","DEF",,87.52,27,"124",,,,51,56,77,,77
271045,796,"Nic Naitanui","WCE","9","RUC",,93.67,29,"164",58,51,97,100,58,147,,122
298298,797,"Jackson Nelson","WCE","30","DEF",,50.09,23,"53",54,68,68,59,82,61,,64.5
1009353,798,"Mitchell O'Neill","WCE","45","MID",,0,18,"",,,,,,,,
1008282,799,"Xavier O'Neill","WCE","24","MID",,0,19,"",,,,6,15,34,,34
1006550,800,"Jack Petruccelle","WCE","21","FWD",,50.89,20,"22",52,71,62,31,77,34,,48
281373,801,"Jack Redden","WCE","8","MID",,89.38,29,"209",53,65,69,96,77,106,,87.5
296225,802,"Willie Rioli","WCE","44","FWD",,69,24,"37",,,,,,,,
997823,803,"Josh Rotham","WCE","35","DEF",,63.25,21,"4",,,,,,,,
1004364,804,"Liam Ryan","WCE","1","FWD",,61.64,23,"35",51,88,49,26,85,26,,37.5
261214,805,"Will Schofield","WCE","31","DEF",,44.67,30,"188",48,89,46,31,71,37,,41.5
296296,806,"Dom Sheed","WCE","4","MID",,95.05,24,"100",113,87,110,99,86,98,,104
281080,807,"Brad Sheppard","WCE","5","DEF",,83.91,28,"176",,,,53,86,52,,52
280078,808,"Luke Shuey","WCE","13","MID",,100.95,29,"199",121,83,124,69,80,73,,98.5
1001412,809,"Anthony Treacy","WCE","43","FWD",,0,22,"",26,68,32,,,,,32
280959,810,"Nathan Vardy","WCE","19","RUC",,53.18,28,"67",50,49,87,27,55,42,,64.5
998414,811,"Daniel Venables","WCE","18","FWD",,47.83,21,"21",,,,,,,"Concussion: Season (2020-03-10)",
996554,812,"Jake Waterman","WCE","2","FWD",,55.55,21,"27",62,63,84,42,86,42,,63
298474,813,"Francis Watson","WCE","26","DEF",,67,24,"2",46,40,98,,,,,98
1006114,814,"Bailey Williams","WCE","32","DEF",,0,19,"",70,70,85,,,,,85
292128,815,"Elliot Yeo","WCE","6","MID",,107.62,26,"153",,,,129,78,141,,141
291773,816,"Jack Newnes","CAR","32","MID",,71.15,26,"155",58,74,67,65,84,66,,66.5
